{"comuna":{"0":12.0,"1":11.0,"2":14.0,"3":15.0,"4":9.0},"ba_elige":{"0":"https:\/\/www.buenosaires.gov.ar\/areas\/planeamiento_obras\/licitations\/web\/frontend_dev.php\/licitation\/index\/id\/317","1":"SI","2":"SI","3":"SI","4":"SI"},"financiamiento":{"0":null,"1":null,"2":null,"3":null,"4":null},"monto_contrato":{"0":29933271.0,"1":8000000.0,"2":10000000.0,"3":3000000.0,"4":11000000.0},"fecha_inicio":{"0":1514332800000,"1":1515542400000,"2":1515542400000,"3":1515628800000,"4":1515628800000},"fecha_fin_inicial":{"0":1522108800000,"1":1559433600000,"2":1546214400000,"3":1551312000000,"4":1551312000000},"etapa":{"0":"Finalizada","1":"Finalizada","2":"Finalizada","3":"Finalizada","4":"Finalizada"},"anio":{"0":2017,"1":2018,"2":2018,"3":2018,"4":2018},"indice_participacion_femenina":{"0":155.7692307692,"1":131.3043478261,"2":131.5068493151,"3":140.6091370558,"4":119.8795180723},"indice_feminidad_votante":{"0":141.6763678696,"1":169.3467336683,"2":153.3333333333,"3":165.5913978495,"4":170.4954954955}}